{
    "norm": "minmax",
    "min": [
        [
            217.550003,
            220.410004,
            213.429993,
            214.25,
            212.199982,
            9200800.0
        ],
        [
            126.010002,
            127.769997,
            124.169998,
            125.019997,
            124.488876,
            31458200.0
        ],
        [
            85.510002,
            86.550003,
            83.449997,
            83.489998,
            83.489998,
            8567800.0
        ],
        [
            82.800003,
            83.480003,
            81.43,
            81.82,
            81.82,
            28264800.0
        ]
    ],
    "max": [
        [
            361.75,
            366.779999,
            352.440002,
            359.48999,
            358.730469,
            90428900.0
        ],
        [
            196.240005,
            198.229996,
            195.279999,
            196.449997,
            196.185074,
            195432700.0
        ],
        [
            151.863495,
            152.100006,
            149.887497,
            150.709,
            150.709,
            97798600.0
        ],
        [
            185.634506,
            188.107498,
            183.785995,
            184.802994,
            184.802994,
            272662000.0
        ]
    ]
}