{
    "norm": "minmax",
    "min": [
        82.800003,
        83.480003,
        81.43,
        81.82,
        81.82,
        8567800.0
    ],
    "max": [
        361.75,
        366.779999,
        352.440002,
        359.48999,
        358.730469,
        272662000.0
    ]
}