{
    "norm": "minmax",
    "min": [
        15.998571,
        16.418215,
        15.972143,
        16.075714,
        31458200.0,
        0.004374840672729847,
        -0.07825853990126436
    ],
    "max": [
        196.240005,
        198.229996,
        195.279999,
        196.449997,
        1065523200.0,
        0.154411795793684,
        0.08000387587261924
    ]
}