{
    "norm": "minmax",
    "min": [
        130.070007,
        132.389999,
        129.039993,
        130.059998,
        0.007829215633977257,
        -0.04778156996587031
    ],
    "max": [
        182.630005,
        182.940002,
        179.119995,
        182.009995,
        0.06662576358762927,
        0.0624308878446943
    ]
}