{
    "norm": "minmax",
    "min": [
        126.010002,
        127.769997,
        124.169998,
        125.019997,
        31458200.0,
        0.005945204179426432,
        -0.04778156996587031
    ],
    "max": [
        196.240005,
        198.229996,
        195.279999,
        196.449997,
        195432700.0,
        0.06662576358762927,
        0.0624308878446943
    ]
}