{
    "norm": "minmax",
    "min": [
        13.137857,
        13.255357,
        12.651429,
        12.984643,
        0.004257305389672215,
        -0.07825853990126436
    ],
    "max": [
        156.979996,
        157.259995,
        154.389999,
        156.690002,
        0.154411795793684,
        0.08000387587261924
    ]
}