{
    "norm": "minmax",
    "min": [
        126.010002,
        127.769997,
        124.169998,
        125.019997,
        0.005945204179426432,
        -0.042852961307524126
    ],
    "max": [
        196.240005,
        198.229996,
        195.279999,
        196.449997,
        0.06421060837692358,
        0.05594796643303845
    ]
}