{
    "norm": "minmax",
    "min": [
        14.22,
        14.521,
        14.2,
        14.3475,
        17626000.0,
        0.0037361299679734574,
        -0.0936306866521594
    ],
    "max": [
        187.199997,
        188.654007,
        184.839493,
        186.570496,
        477122000.0,
        0.1025010228786837,
        0.07611429754470468
    ]
}