{
    "norm": "minmax",
    "min": [
        102.75,
        104.580002,
        101.260002,
        102.309998,
        0.006586994910734912,
        -0.05813255313163302
    ],
    "max": [
        185.634506,
        188.107498,
        183.785995,
        184.802994,
        0.08071877617006666,
        0.07611429754470468
    ]
}