{
    "norm": "minmax",
    "min": [
        82.800003,
        83.480003,
        81.43,
        81.82,
        0.008103125357260018,
        -0.07438781822101641
    ],
    "max": [
        143.910004,
        146.570007,
        142.0,
        144.779999,
        0.08146876876135459,
        0.05318634355724423
    ]
}