{
    "norm": "minmax",
    "min": [
        8.481,
        8.7275,
        8.3485,
        8.655,
        0.0037361299679734574,
        -0.0936306866521594
    ],
    "max": [
        187.199997,
        188.654007,
        184.839493,
        186.570496,
        0.1025010228786837,
        0.0693520176586314
    ]
}