{
    "norm": "minmax",
    "min": [
        82.800003,
        83.480003,
        81.43,
        81.82,
        28264800.0,
        0.006586994910734912,
        -0.07438781822101641
    ],
    "max": [
        185.634506,
        188.107498,
        183.785995,
        184.802994,
        272662000.0,
        0.08146876876135459,
        0.07611429754470468
    ]
}