{
    "norm": "minmax",
    "min": [
        85.510002,
        86.550003,
        83.449997,
        83.489998,
        0.009286854923831555,
        -0.0562430497237569
    ],
    "max": [
        138.429993,
        138.580002,
        136.820007,
        137.740005,
        0.06709074577983555,
        0.0623952113078919
    ]
}