{
    "norm": "minmax",
    "min": [
        12.205003,
        12.539001,
        11.970133,
        12.34174,
        0.0038231032876134617,
        -0.0871078983979196
    ],
    "max": [
        145.949493,
        146.820496,
        145.614502,
        145.841995,
        0.10984693201580437,
        0.04943546269545549
    ]
}