{
    "norm": "minmax",
    "min": [
        105.141998,
        106.394997,
        102.208,
        105.440002,
        0.004824199340155865,
        -0.04741976671672504
    ],
    "max": [
        151.863495,
        152.100006,
        149.887497,
        150.709,
        0.06841668848627806,
        0.05783741638457824
    ]
}