{
    "norm": "minmax",
    "min": [
        85.510002,
        86.550003,
        83.449997,
        83.489998,
        8567800.0,
        0.006326026024458792,
        -0.0562430497237569
    ],
    "max": [
        151.863495,
        152.100006,
        149.887497,
        150.709,
        97798600.0,
        0.06841668848627806,
        0.0623952113078919
    ]
}