{
    "norm": "minmax",
    "min": [
        21.327061,
        21.485716,
        20.995804,
        21.262054,
        158434.0,
        0.0038231032876134617,
        -0.06116184765266062
    ],
    "max": [
        151.863495,
        152.100006,
        149.887497,
        150.709,
        464390148.0,
        0.09225736359189525,
        0.0623952113078919
    ]
}