{
    "norm": "minmax",
    "min": [
        243.860001,
        245.740005,
        241.509995,
        242.259995,
        0.006724820823465276,
        -0.05141080582982189
    ],
    "max": [
        344.619995,
        349.670013,
        342.200012,
        343.109985,
        0.08009220314280795,
        0.07495158117996635
    ]
}