{
    "norm": "minmax",
    "min": [
        217.550003,
        220.410004,
        213.429993,
        214.25,
        0.0074540111155988195,
        -0.04252612787298144
    ],
    "max": [
        361.75,
        366.779999,
        352.440002,
        359.48999,
        0.0718763260006016,
        0.06143271299878938
    ]
}