{
    "norm": "minmax",
    "min": [
        217.550003,
        220.410004,
        213.429993,
        214.25,
        9200800.0,
        0.006724820823465276,
        -0.05141080582982189
    ],
    "max": [
        361.75,
        366.779999,
        352.440002,
        359.48999,
        90428900.0,
        0.08009220314280795,
        0.07495158117996635
    ]
}