{
    "norm": "minmax",
    "min": [
        24.299999,
        24.67,
        24.26,
        24.299999,
        0.0037411196107549572,
        -0.06297774752190395
    ],
    "max": [
        305.019989,
        305.839996,
        302.0,
        304.649994,
        0.13081346103851613,
        0.07133414252554128
    ]
}