{
    "norm": "minmax",
    "min": [
        32.490002,
        32.799999,
        32.150002,
        32.450001,
        7425600.0,
        0.0037411196107549572,
        -0.06297774752190395
    ],
    "max": [
        361.75,
        366.779999,
        352.440002,
        359.48999,
        202522400.0,
        0.13081346103851613,
        0.07495158117996635
    ]
}